{
    "hour": 0,
    "min": 28,
    "sec": 7,
    "focus": 0.22824028994915072,
    "pages": 39,
    "rows": 585,
    "speedPoints": [
        [
            0.00021154228120925695
        ],
        [
            -0.00024946779253585407
        ],
        [
            0.0001534081649282921
        ],
        [
            -3.6018222376140735e-05
        ],
        [
            1.4277929432855243e-05
        ],
        [
            -9.214128198337675e-05
        ],
        [
            -8.352805166232073e-05
        ],
        [
            -6.504644719687077e-06
        ],
        [
            0.00011538130500325945
        ],
        [
            -3.216799421447159e-06
        ],
        [
            6.214986351043045e-05
        ]
    ],
    "Browse": "浏览比重",
    "BrowsePercentage": 0.0852401817591691,
    "Gaze": "注视比重",
    "GazePercentage": 0.1430001081899816,
    "Unfocused": "不专注比重",
    "UnfocusedPercentage": 0.7717597100508493
}